﻿<?xml version="1.0" encoding="utf-8"?>
<EXPORT xmlns:xsi="http://www.w3.org/2001/XMLSchema-instance" xmlns:xsd="http://www.w3.org/2001/XMLSchema">
  <TAKE>
    <GENERIC>
      <GENE_CREA_TIME>0001-01-01T00:00:00</GENE_CREA_TIME>
      <GENE_UDT_ID>00000014</GENE_UDT_ID>
      <UDT_NAME>Classic-DIGA</UDT_NAME>
      <GENE_TYPE>TYPE$CLASSIC#Classic</GENE_TYPE>
      <GENE_MREPORT_STATUS>MREPORT_STATUS$DETAILS_MISSING#Details Missing</GENE_MREPORT_STATUS>
      <GENE_FUNCTION>FUNCTION$AUDIO#Audio</GENE_FUNCTION>
      <GENE_MUSIC_CODE>MUSIC_CODE$M#M - Library Music</GENE_MUSIC_CODE>
      <GENE_EXT_SYS>EXT_SYS$SNDMSE#Soundmouse Library</GENE_EXT_SYS>
      <GENE_TITLE>No Doubt</GENE_TITLE>
      <GENE_ALBUM>Hits, Riffs, Zaps And Zings</GENE_ALBUM>
      <GENE_TITLE_INFO>Vocal fx.</GENE_TITLE_INFO>
      <GENE_PERFORMERS />
      <GENE_COMPOSERS>Ruben Ayala</GENE_COMPOSERS>
      <GENE_LABEL>Access Music</GENE_LABEL>
      <GENE_LABEL_CODES>LC 21116</GENE_LABEL_CODES>
      <GENE_PUBLISHER>ZFC Music</GENE_PUBLISHER>
      <GENE_TRACK>84.4</GENE_TRACK>
      <GENE_ORDER_NO>AM045Q</GENE_ORDER_NO>
      <GENE_SIDE>1</GENE_SIDE>
      <GENE_CATALOG_DB0>e708114d-e058-4f17-aaee-8bd81104c9d2</GENE_CATALOG_DB0>
    </GENERIC>
    <TAKE_PERSONS>
      <PERSON>
        <PERSON_NAME>Ruben Ayala</PERSON_NAME>
        <PMAP_ORD_NO>1</PMAP_ORD_NO>
        <PMAP_FUNC>PERSON_FUNC$ORIGINATOR#Originator</PMAP_FUNC>
        <PMAP_SUBFUNC>PERSON_FUNC$COMPOSER#Composer</PMAP_SUBFUNC>
      </PERSON>
    </TAKE_PERSONS>
  </TAKE>
</EXPORT>