﻿<?xml version="1.0" encoding="utf-8"?>
<EXPORT xmlns:xsi="http://www.w3.org/2001/XMLSchema-instance" xmlns:xsd="http://www.w3.org/2001/XMLSchema">
  <TAKE>
    <GENERIC>
      <GENE_CREA_TIME>0001-01-01T00:00:00</GENE_CREA_TIME>
      <GENE_UDT_ID>00000014</GENE_UDT_ID>
      <UDT_NAME>Classic-DIGA</UDT_NAME>
      <GENE_TYPE>TYPE$CLASSIC#Classic</GENE_TYPE>
      <GENE_MREPORT_STATUS>MREPORT_STATUS$DETAILS_MISSING#Details Missing</GENE_MREPORT_STATUS>
      <GENE_FUNCTION>FUNCTION$AUDIO#Audio</GENE_FUNCTION>
      <GENE_MUSIC_CODE>MUSIC_CODE$C#C - Commercial</GENE_MUSIC_CODE>
      <GENE_EXT_SYS>EXT_SYS$SNDMSE#Soundmouse Library</GENE_EXT_SYS>
      <GENE_TITLE> Dream Children, for small orchestra (or piano), Op. 43~No. 1</GENE_TITLE>
      <GENE_ALBUM>Classic CD Awards 1998</GENE_ALBUM>
      <GENE_PERFORMERS>Sir John Barbirolli/Hallé Orchestra</GENE_PERFORMERS>
      <GENE_COMPOSERS />
      <GENE_LABEL>Classic CD</GENE_LABEL>
      <GENE_PUBLISHER />
      <GENE_TRACK>5</GENE_TRACK>
      <GENE_SIDE>1</GENE_SIDE>
      <GENE_CATALOG_DB0>e62d94b0-575e-49c2-999e-88c33b286967</GENE_CATALOG_DB0>
    </GENERIC>
    <TAKE_PERSONS>
      <PERSON>
        <PERSON_NAME>Sir John Barbirolli</PERSON_NAME>
        <PMAP_ORD_NO>1</PMAP_ORD_NO>
        <PMAP_FUNC>PERSON_FUNC$CLASSIC_PERFORMER#Classic Performer</PMAP_FUNC>
        <PMAP_SUBFUNC>PERSON_FUNC$CLASSIC_PERFORMER#Classic Performer</PMAP_SUBFUNC>
      </PERSON>
      <PERSON>
        <PERSON_NAME>Hallé Orchestra</PERSON_NAME>
        <PMAP_ORD_NO>2</PMAP_ORD_NO>
        <PMAP_FUNC>PERSON_FUNC$CLASSIC_PERFORMER#Classic Performer</PMAP_FUNC>
        <PMAP_SUBFUNC>PERSON_FUNC$CLASSIC_PERFORMER#Classic Performer</PMAP_SUBFUNC>
      </PERSON>
    </TAKE_PERSONS>
  </TAKE>
</EXPORT>